{"web":{"client_id":"575124004325-ce859vvqeohtac9vs0d671ct4qtuq74m.apps.googleusercontent.com","project_id":"my-project-1537335184295","auth_uri":"https://accounts.google.com/o/oauth2/auth","token_uri":"https://www.googleapis.com/oauth2/v3/token","auth_provider_x509_cert_url":"https://www.googleapis.com/oauth2/v1/certs","client_secret":"-DzhYdGZ_u0Cd77sPB0S2x_w","redirect_uris":["http://localhost:8080","http://localhost:8080/lhampson_CSCI201L_assignment2/","http://localhost:8080/lhampson_CSCI201L_assignment2/Profile.jsp"],"javascript_origins":["http://localhost:8080"]}}